Nr.;Anrede;Titel;Vorname;Nachname;Geburtsdatum;Straße;Hausnummer;Postleitzahl;Stadt;Mobil;EMail
1;Frau;;Abdelsalam;Niebling;25.01.67;Oberm Garten;128;72766;Reutlingen;0164/1379047;abdelsalam.niebling@goggle-mail.de
2;Frau;;Gerburg;Gerberding;;Rheinsbergring;19;83361;Kienberg;0172/6189547;g_55@web.de
3;Frau;;Jamshida;Kohlhepp;;Brüsseler Straße;112b;86854;Amberg;0171/7573847;j-1942@company.de
4;Frau;;Breffney;Althaus;31.12.86;Offenbergstraße;107;59846;Sundern;0174/7732594;balthaus@quickmail.de
5;Herr;;Torge;Stumpfe;16.02.18;Schäferspesch;42;83059;Kolbermoor;0166/5745136;t18@justmail.de
6;Herr;;Friedberg;Bäckström;29.08.03;Bergwerkstraße;121;21228;Harmstorf;0150/1842952;friedberg.2003@ultramail.de
7;Herr;Dr.;Dieterich;Larsen;;Schönbuchstraße;23;25599;Wewelsfleth;0179/7940415;dieterich-larsen@private.de
8;k.A.;;Mike;Protz;12.09.81;Herdegenstraße;79;56294;Münstermaifeld;0177/4773228;m_protz@kitty.de
9;Frau;Dr.;Raimunde;Puchta;;Rommelweg;111;48629;Metelen;0167/2294707;raimunde1913@inter-mail.de
10;Frau;;Irmintrud;Janow;;Bornseifen;49;76891;Erlenbach;0156/6838479;irmintrud_janow@hoster.de
11;Herr;;Ambros;Schulte;;Im Mühlengrund;157b;24797;Tackesdorf;0158/2048592;ambros.schulte@retromail.de
12;Herr;;Yannis;Lippmann;22.12.41;Alte Kölner Straße;29a;56759;Kaisersesch;0159/1800853;yannis_lippmann@mymail.de
13;Frau;;Sibel;Ablett;;Auf dem Bünder;190;38464;Groß Twülpstedt;0167/6019298;sibel_ablett@kitty.de
14;Frau;;Dorena;Schoberth;;Hahnestraße;26;79276;Reute;0158/6378172;dorena_schoberth@anymail.de
15;k.A.;;Kazimir;Marino;;Mühlenpfad;125;59174;Kamen;0178/7647164;kazimir-marino@quickmail.de
16;Herr;;Sigurkarl;Koc;;Böwingring;42;57614;Woldert;0159/7790569;sigurkarl.koc@funmail.de
17;Frau;;Stanislawa;Gaß;;Lupinenstraße;93;54411;Hermeskeil;0156/5909455;s.88@kitty.de
18;Herr;;Jabbar;Burgdorf;;Reichswaldstraße;12;47055;Duisburg;0166/3905817;jabbar-burgdorf@justmail.de
19;Frau;;Temira;Jarosch;;Eisemrother Straße;69;44803;Bochum;0151/5741880;temira_15@quickmail.de
20;Frau;;Bortola;Wentenschuch;02.10.68;Zum Osterkamp;128;63741;Aschaffenburg;0167/9877338;bortola_1968@xyz.de
21;k.A.;;Joresa;Schmiedel;;Wülfingstraße;48;14163;Steglitz-Zehlendorf;0152/4311191;joresa-schmiedel@justmail.de
22;Frau;Dr.;Cordelia;Wollmann;;Beerenstraße;46;44269;Dortmund;0164/3235486;cordelia_wollmann@funmail.de
23;Herr;;Gafur;Ridley;;An der Elle;114;67744;Kappeln;0156/6880931;g_ridley@live-mail.de
24;Herr;;Ortwin;Schielke;04.12.65;Fritz-Erler-Straße;183;53225;Bonn;0173/5305686;o-schielke@web.de
25;Frau;;Katey;Mai;;Walkenbrügger Weg;87;78166;Donaueschingen;0178/9816414;k.mai@live-mail.de
26;Herr;;Falk;Jost;;Obere Halle;121;25596;Gribbohm;0152/3431203;falk.jost@xyz.de
27;Herr;;Bruno;Prager;;Breede;69 a;86655;Harburg;0155/3431653;bruno_prager@private.de
28;Frau;;Cäcilia;Bloes;;Auf dem Hegekamp;13;56357;Himmighofen;0177/8981555;caecilia-1983@bestmail.de
29;Frau;;Waltraut;Tykwer;;Brede;199;27777;Ganderkesee;0179/5093053;waltraut.1949@mymail.de
30;Herr;;Gotthilf;Garz;;Am Kornacker;111;84576;Teising;0160/1695163;gotthilf_garz@live-mail.de
31;Herr;Dr.;Emmanouil;Sielaff;24.09.52;Heisterweg;30;37308;Heilbad Heiligenstadt;0162/1433789;e.sielaff@ultramail.de
32;Herr;;Gotthart;Schierholz;;Mühlenauel;151;65385;Rüdesheim am Rhein;0163/4363960;gschierholz@funmail.de
33;Herr;;Taurean;McClement;13.02.27;Am Römerlager;41;87674;Ruderatshofen;0167/1193360;t.27@live-mail.de
34;Frau;;Liah;Özcan;12.05.01;Kommerner Straße;37;24641;Sievershütten;0176/5723153;loezcan@bestmail.de
35;Herr;;Tanel;Meschede;;Grenzmark;162;56729;Weiler;0167/5125002;tanel-meschede@justmail.de
36;Herr;;Gavino;Schallenberg;;Rembrandtweg;174;74595;Langenburg;0166/3784725;gavino_schallenberg@funmail.de
37;Frau;;Rachel;Jantzen;;Dallstraße;142;8491;Limbach;0157/8088408;rachel_2022@goggle-mail.de
38;Herr;;Chawki;Cramwinckel;20.02.99;Präsidentenstraße;95;67699;Schneckenhausen;0175/7465303;c-cramwinckel@mymail.de
39;Herr;;Quirin;Schreier;;Humboldtstraße;29;83646;Bad Tölz;0152/9649040;q-schreier@goggle-mail.de
40;Herr;;Klemens;Polej;;Haverkampring;107;57632;Rott;0162/1663787;k-61@net-mail.de
41;Frau;;Todorova;Kriege;;Saelhuysen;118;26197;Großenkneten;0161/1603743;todorova_kriege@mymail.de
42;Frau;;Evgenya;Ilie;;Auf der Haide;54;24879;Idstedt;0162/3371646;evgenyailie@spam-mail.de
43;Frau;;Takayo;Eberlein;;Kaiser-Friedrich-Straße;188;84546;Egglkofen;0155/5483969;takayo-eberlein@quickmail.de
44;Frau;;Myriane;Köppken;22.01.90;Weinfurth;109;71638;Ludwigsburg;0156/1951984;m-koeppken@anymail.de
45;Frau;;Margitta;Gloger;27.05.09;Bockenbachstraße;191;35075;Gladenbach;0153/3337183;margitta_gloger@company.de
46;Herr;;Stoyancho;Mauri;;Terup;147;24894;Twedt;0153/9714934;s_19@ultramail.de
47;Frau;;Chuluo;Hohmann;;Deutzer Straße;51;25582;Drage;0168/2052141;chuluo_hohmann@goggle-mail.de
48;Frau;;Nelida;Lautenschläger;;Am Krummen Acker;27;67742;Adenbach;0168/9744853;nelida_1954@anymail.de
49;Frau;;Waltraut;Loth;;Drosselgasse;6;84335;Mitterskirchen;0163/7006169;wloth@spam-mail.de
50;Herr;;Andreas;Döscher;;Malmedyweg;17;67808;Mörsfeld;0175/6520377;andreas_doescher@xyz.de
51;Herr;;Jegatheeswaran;Stade;;Kallenbachstraße;46;57610;Altenkirchen;0174/6793243;jstade@net-mail.de
52;Herr;;Hillebrand;Fruth;18.01.02;Auf dem Köppel;188;75050;Gemmingen;0160/4451610;hillebrand-fruth@quickmail.de
53;Herr;;Norfried;Haessler;;Gantweger Kley;194;85465;Langenpreising;0160/9236372;norfried.haessler@validmail.de
54;k.A.;;Lamech;Turhan;;Winzler Straße;172;25836;Garding;0171/5756524;l_turhan@validmail.de
55;Frau;;Senta;Feldner;12.07.40;Rohrkamp;64;66625;Nohfelden;0155/6039288;s_feldner@retromail.de
56;Frau;;Sena;Butterweck;;Dr.-Grosz-Straße;139;49413;Dinklage;0177/5702982;sena.butterweck@justmail.de
57;Herr;;Kehsh;Biederbeck;;Cochemer Straße;172;66500;Hornbach;0170/4721654;kehsh.biederbeck@anymail.de
58;Herr;;Lion;Bächl;10.03.05;Siegelhof;61;24149;Kiel;0152/1884167;l-2005@hoster.de
59;Frau;;Jeannette;Bührer;;Im Bongert;69;54649;Dackscheid;0167/6164784;jeannettebuehrer@ultramail.de
60;Frau;;Rawia;Heeg;02.10.03;An der Halbe;168;85309;Pörnbach;0160/5833804;rawiaheeg@live-mail.de
61;Herr;;Satƒ±lmƒ±≈ü;Reichrath;;Soester Straße;18;49419;Wagenfeld;0166/4193750;s-reichrath@hoster.de
62;Herr;;Michael;Krauschwitz;01.01.62;Algenbachstraße;31;55278;Weinolsheim;0166/2529602;michaelkrauschwitz@net-mail.de
63;k.A.;;Marli;Akakpo;;Norderstraße;47;74538;Rosengarten;0173/3899830;marliakakpo@mymail.de
64;Herr;;Sonnfried;Wimmers;20.05.50;Von-der-Leyen-Straße;50;63069;Offenbach am Main;0178/4350187;swimmers@mymail.de
65;Herr;;Gundhard;Baltrusch;;Auf der Spreeg;157;54673;Dauwelshausen;0156/9590115;g-04@retromail.de
66;Herr;;Sefus;Kölker;;In der Holl;130;96450;Coburg;0172/3268580;sfus-koelker@email.de
67;Herr;;Abraham;Zimmermann;07.02.91;Falterswiese;189;19205;Kneese;0169/8187212;abraham-1991@validmail.de
68;Herr;;Thomas;Estner;;Im Buchholz;67;54619;Lichtenborn;0161/1993797;tmas_estner@justmail.de
69;Herr;;Stergios;Rüther;;Im Zillgen;64;54673;Dauwelshausen;0173/6822436;stergios94@email.de
70;Frau;;Nortrun;Henz;;Sofienstraße;36;67808;Falkenstein;0170/8167023;nortrunhenz@ultramail.de
71;Herr;;Kevin;Gerg;11.03.34;An der Ziegelei;111;55599;Eckelsheim;0151/5671869;kevin_gerg@private.de
72;Herr;;Volmar;Nicolson;;Fischerstraße;162a;87749;Hawangen;0170/1139439;v_nicolson@email.de
73;k.A.;;Maximiliane;Karakas;28.05.56;Höfenstraße;159;66501;Großbundenbach;0170/9622297;maximiliane_karakas@trashmail.de
74;Frau;;Manuela;Vog;;Elsa-Brandström-Straße;92;6556;Mönchpfiffel-Nikolausrieth;0156/3405940;manuelavog@kitty.de
75;Frau;;Kasja;Manhart;;Wilhelm-Külz-Straße;30;23919;Rondeshagen;0155/6628880;k1948@goggle-mail.de
76;Frau;;Frigga;Scheumann;24.06.84;Elgerter Straße;142;93089;Aufhausen;0153/1523562;f_scheumann@funmail.de
77;Frau;;Thy;Genthe;;Syringer Straße;147 c;56410;Montabaur;0172/1611685;t-genthe@quickmail.de
78;Frau;;Renate;Farwick;;Windmühlenberg;9;76831;Eschbach;0173/4157506;r.farwick@justmail.de
79;Herr;;Herward;Pachler;;Auf Binsen Nück;53;56412;Holler;0165/5623080;herward25@domain.de
80;Herr;;Egon;Zellermayr;11.08.92;Vitustor;67;61440;Oberursel;0155/3277277;egon.1992@validmail.de
81;Herr;;Dietrich;Großhans;;Heidelberger Straße;34;82152;Planegg;0168/1170124;dietrich10@justmail.de
82;Frau;;Fazlie;Friedrich;;Bunsenstraße;117 c;30900;Wedemark;0165/5979420;fazlie-friedrich@net-mail.de
83;k.A.;;Djafar;Mock;03.04.78;Borner Straße;38;53881;Euskirchen;0156/7983986;d-mock@net-mail.de
84;Frau;;Kwiryna;Achmednabijew;;Pudelwiese;150;4928;Plessa;0174/3908444;kwiryna-achmednabijew@spam-mail.de
85;Herr;Dr.;Youssi;Eberlein;;Julius-Leber-Straße;162;65558;Kaltenholzhausen;0171/9451678;y-91@spam-mail.de
86;Frau;;Reinburga;Thoms;;Im Falker;78;66871;Thallichtenberg;0158/7612003;r_22@retromail.de
87;Frau;;Wiarda;Haslbeck;;Bornenweg;25;91726;Gerolfingen;0168/4941564;wiardahaslbeck@kitty.de
88;Frau;;Marliese;Clayton;;Silvesterstraße;89;56412;Niederelbert;0163/7083535;marliese_clayton@validmail.de
89;Frau;;Sevdova;Brauner;11.09.12;Am Steg;190;35043;Marburg;0169/1224714;sevdova-brauner@spam-mail.de
90;Frau;;Hadelinde;Wodtke;;Zur schönen Aussicht;85;86744;Hainsfarth;0176/1976131;hadelinde.wodtke@web.de
91;Herr;;Iyad;Öz;21.12.62;Hallering;104;37434;Rollshausen;0165/8701911;iyad_oez@web.de
92;Herr;;Arnfried;Grützmacher;;Jahnstraße;69 b;71229;Leonberg;0167/3240085;arnfried_gruetzmacher@email.de
93;Frau;;Monika;Harnack;;Wingertsberg;29;75328;Schömberg;0170/6269108;monika_harnack@email.de
94;Frau;;Lyn;Klemens;;Niedern;110;95131;Schwarzenbach am Wald;0166/2562802;lklemens@quickmail.de
95;Herr;;Taha;Deszynski;;Hofer Straße;194;77876;Kappelrodeck;0175/4360339;taha_deszynski@company.de
96;Frau;Prof.;Gafia;Lettau;;Eichertstraße;196;78737;Fluorn-Winzeln;0173/6438098;gafialettau@net-mail.de
97;Frau;;Birgitt;Pflanz;07.09.00;Kurt-Tucholsky-Straße;62;47807;Krefeld;0179/4602673;b_2000@ultramail.de
98;Herr;;Edmund;Kopal;;Hoeninger Straße;105;54608;Buchet;0172/5470601;edmund-kopal@validmail.de
99;Herr;;Riccardo;Khan;;Am alten Garten;100;17194;Hinrichshagen;0176/9861845;riccardokhan@private.de
100;Frau;;Grinne;Sowa;;Bebelstraße;140c;37127;Niemetal;0175/8011147;gsowa@web.de
101;Frau;;Ilsabe;Rohweder;;Rolandstraße;49;54574;Kopp;0158/3667487;irohweder@mymail.de
102;Herr;;Egidius;Starp;27.10.66;Kervenheimer Straße;190;54649;Lauperath;0171/4958580;egidius_starp@kitty.de
103;Herr;;Theodor;Atef;;Klottener Straße;126b;57612;Obererbach;0152/2076568;tatef@inter-mail.de
104;Herr;;Levin;Durmus;01.02.63;Heideweg;133;55452;Windesheim;0175/2539562;l-durmus@inter-mail.de
105;k.A.;;Sam;Klees;;Im Freistal;99;41379;Brüggen;0177/8631396;sam-klees@retromail.de
106;Herr;;Gedeone;Nickl;;Bleibergstraße;132;29479;Jameln;0167/6119465;g.nickl@kitty.de
107;Frau;;Augusta;Gitto;05.12.16;Am Winkelstück;196;46514;Schermbeck;0161/8280331;a-gitto@retromail.de
108;Herr;;Rembert;Rathjen;;Klaaskamp;29;23730;Schashagen;0160/7058669;r-1924@bestmail.de
109;k.A.;;Roald;Mitter;;Kümper;11;67728;Münchweiler an der Alsenz;0160/5615309;roald.mitter@justmail.de
110;Frau;;Ina;Scheib;10.05.25;Neckarstraße;40;24811;Owschlag;0172/9312410;lna_scheib@email.de
111;Herr;;Bartley;Heinmüller;20.01.07;Hinter der Schule;46;54649;Mauel;0161/2932962;b.heinmueller@private.de
112;Herr;;Dario;Firnhaber;;Fleher Straße;135;73278;Schlierbach;0176/5559736;dario_firnhaber@ultramail.de
113;Frau;;Poƒºina;Wiegers;25.04.06;Kurneystraße;102;49838;Handrup;0168/6989702;poina_06@quickmail.de
114;Herr;;Reinar;Roxelle;;Driescher Straße;29;66957;Eppenbrunn;0174/1620323;r-roxelle@retromail.de
115;Frau;;Gefion;Clover;;Anxbachstraße;8;72348;Rosenfeld;0155/9194544;gclover@bestmail.de
116;Herr;;Sigfrid;Hartleib;28.12.10;Hahnseifenstraße;94;74597;Appensee;0175/5950720;sigfrid_hartleib@justmail.de
117;Frau;;Lilli;Kloster;;Erich-Ollenhauer-Straße;86;90429;Nürnberg;0179/5033912;lilli-kloster@net-mail.de
118;Herr;;Gerald;Landeskog;;Studtstraße;41;77784;Oberharmersbach;0160/7622551;gerald70@goggle-mail.de
119;Frau;;Jacquelin;Tschammer;;Hegerort;91;38378;Warberg;0162/6409109;jacquelin-22@live-mail.de
120;Herr;;Boto;Konrad;;Hickengrundstraße;15;27419;Lengenbostel;0154/6813799;boto.konrad@domain.de
121;k.A.;;Birgit;Kreth;;Bunzlauer Straße;7;93077;Bad Abbach;0159/7578132;birgit_kreth@validmail.de
122;Herr;;Halim;Schrödl;;Weihergasse;83;39218;Schönebeck;0163/4203968;halim-schroedl@quickmail.de
123;Frau;;Pashije;Pitman;10.08.45;Hamicher Straße;163;78224;Singen;0159/7701054;p.pitman@justmail.de
124;Herr;;Vilmundur;Wiederhold;16.01.02;Höhweg;126;34127;Kassel;0153/8128159;vilmundur-wiederhold@bestmail.de
125;Frau;;Roseline;Rotterdam;;Letmannsdyck;27a;87675;Rettenbach am Auerberg;0166/4059645;r-rotterdam@anymail.de
126;Herr;;Alboin;Sickert;;Im Haag;166b;54539;Zeltingen-Rachtig;0166/9870729;alboin.sickert@hoster.de
127;k.A.;;Valdete;Back;;Heimkerweg;174;54655;Etteldorf;0162/3341795;valdete-back@spam-mail.de
128;Frau;;Gertraud;Brüning;;Bermbacher Weg;189;88416;Steinhausen an der Rottum;0163/3365933;gertraud1998@xyz.de
129;Frau;;Desiree;Perschke;;Im Herrental;143;34286;Spangenberg;0162/8144004;d_perschke@trashmail.de
130;Herr;;Sigifredo;Iwers;02.12.11;Brohltalstraße;122;79410;Badenweiler;0166/4530578;sigifredo.iwers@spam-mail.de
131;Herr;;Hyltir;Osel;;Westfalenstraße;186;23847;Groß Boden;0178/9997783;hyltirosel@xyz.de
132;Frau;;Soledade;Leisegang;;Südhoek;4;56472;Hardt;0156/9299697;sleisegang@private.de
133;Herr;;Maximilan;Vodermayer;;Am Mühlberg;91;92242;Hirschau;0155/7615250;maximilan.1944@quickmail.de
134;Frau;;Gundeline;Staude;;Gäulenwaldstraße;62;57290;Neunkirchen;0176/1248688;gundeline.staude@live-mail.de
135;Frau;;Kätlin;Aartman;;Arnikaweg;114;21640;Neuenkirchen;0163/2914634;kaetlin.aartman@ultramail.de
136;Frau;;Katarina;Rhein;01.08.01;Barmer Straße;178 c;86561;Aresing;0175/6780036;k01@web.de
137;Herr;;Emmeran;Wittwer;;Finkenstraße;56;53539;Kirsbach;0156/2145379;e_2002@spam-mail.de
138;Frau;;Alheid;Kos;;Het Nieland;116;38446;Wolfsburg;0170/2216612;alheid-kos@xyz.de
139;Frau;;Carolin;Moßel;;Achenbacher Straße;24;6766;Wolfen;0171/5186436;carolin.12@justmail.de
140;Frau;;Regina;Wyes;08.05.04;Schweizerstraße;182;56254;Müden;0169/7788861;regina-04@ultramail.de
141;Frau;;Dana;Brouwer;;Schlehenstraße;50;54570;Kirchweiler;0162/3943604;dana_brouwer@quickmail.de
142;Herr;;Anak;Paris;;Am Hamm;134;31712;Niedernwöhren;0175/9831641;anak.paris@kitty.de
143;Herr;;Hansmartin;Höhle;;Pfeiffenmacher;181;24143;Kiel;0178/6139783;h-13@hoster.de
144;Frau;;Hugborg;Kleiber;;Rinkerodeweg;23;67714;Waldfischbach-Burgalben;0169/5123526;hugborgkleiber@justmail.de
145;k.A.;;Wichard;Woelf;;Wiehagen;70;54533;Niederöfflingen;0160/7082737;wichard_woelf@mymail.de
146;Herr;;Nurbek;Thomasini;;Herscheider Straße;186;30559;Hannover;0157/7513252;nurbek-thomasini@hoster.de
147;Frau;Prof. Dr.;Hevi;Maler;18.04.06;Weißdornweg;62;97279;Prosselsheim;0159/3384132;hevi-06@net-mail.de
148;Herr;;Carsten;Steche;12.08.97;Hassoweg;95;80637;München;0176/5571272;carsten_steche@ultramail.de
149;Herr;;Brynjilfur;Pöck;;Lothringer Straße;28;74599;Wallhausen;0159/2423544;brynjlfur-poeck@retromail.de
150;Herr;;Hanswolf;Brennecke;;Gocher Straße;133;31789;Hameln;0178/9097017;hanswolf-brennecke@goggle-mail.de
151;Herr;;Mitsuyuki;Illig;;Zum Eichenhain;50;55595;Bockenau;0157/4796968;m.illig@open-mail.de
152;Frau;;Kerri;Mühlig;25.11.36;Auf'm Acker;109;55592;Desloch;0171/2459347;kerrimuehlig@web.de
153;Herr;;Liborius;Leudold;26.11.04;Am Erdäpfelgarten;111;24229;Dänischenhagen;0161/2901820;liborius-leudold@live-mail.de
154;Herr;;Hanswolf;Ehrit;;Dachsweg;31;55743;Fischbach;0172/7265820;h-93@live-mail.de
155;Frau;;Nelli;Ewdakimow;23.04.04;Klever Straße;104;79780;Stühlingen;0163/7001021;nelli_1904@hoster.de
156;Herr;Dr.;Valentinus;Pitters;24.07.17;Oligstraße;8;73669;Lichtenwald;0179/7437214;v.pitters@email.de
157;Herr;;Ingram;Hädger;20.02.89;Altrheinstraße;23;67294;Oberwiesen;0157/4790664;i.haedger@net-mail.de
158;Frau;;Vanesa;Seyoum;;Zum Röthchen;158;88441;Mittelbiberach;0150/4187382;v.seyoum@anymail.de
159;Herr;;Meint;Peschina;;Birkhuhnweg;189;39264;Leps;0162/6760211;m-peschina@bestmail.de
160;Frau;;Urte;Achtschellinck;14.05.60;Florianstraße;134;25563;Quarnstedt;0156/3023167;u_achtschellinck@hoster.de
161;Frau;;Roseliese;Adee;;Brunhildstraße;52;53533;Müsch;0150/3936003;r.adee@live-mail.de
162;Herr;;Alwin;Schulzke;;Hirseweg;200;58636;Iserlohn;0157/4891810;alwin.schulzke@domain.de
163;Herr;;Degenhard;Offergeld;;Dresdner Straße;138;27248;Ehrenburg;0179/8799384;degenhardoffergeld@private.de
164;Frau;;Jinela;Froreck;23.12.62;Sonnenhang;126c;19073;Klein Rogahn;0171/7793070;jinela-1962@email.de
165;Frau;;Consolata;Morath;;Börlinghausen;66;92714;Pleystein;0176/9600376;c_morath@live-mail.de
166;Frau;;Ivette;Kalle;;Rinscheweg;107;56414;Berod;0168/9431662;ivette-1924@domain.de
167;Frau;;Minna;Jantzen;;Stockhausener Straße;3;57635;Mehren;0170/2709707;m.jantzen@trashmail.de
168;Frau;;Savine;Hiefler;17.06.83;Schelver Diek;5;39606;Königsmark;0167/3297296;savine-hiefler@xyz.de
169;Frau;;Ulla;Shaew;;In den Hesseln;29 c;34311;Naumburg;0166/4068949;ulla.shaew@live-mail.de
170;Herr;;Dilip;Kurtinaitis;;Rexestraße;28;21483;Wangelau;0152/5119421;d_kurtinaitis@bestmail.de
171;Frau;;Angelina;Szuminski;26.02.46;Dülmener Straße;120;56479;Seck;0170/8822017;angelina.szuminski@justmail.de
172;Herr;;Berno;Jenss;26.01.16;Rosenthaler Weg;49;70469;Stuttgart;0164/8273136;berno_jenss@funmail.de
173;Herr;;Isfried;Acken;;Bleichenweg;192 b;24409;Stoltebüll;0172/1162331;i-acken@spam-mail.de
174;Frau;;Tone;Marton;;Steimeler Straße;169;49176;Hilter am Teutoburger Wald;0162/7112997;tone35@goggle-mail.de
175;Herr;;Boyd;Stach;;Schlierseer Straße;11;87778;Stetten;0155/1142056;b.stach@web.de
176;Frau;;Jessy;Weisgerber;;Elsa-Brändström-Straße;119;26349;Jade;0165/3340020;jessy-weisgerber@private.de
177;Frau;;Manika;Wenning;;Wiesengrundstraße;172;26121;Oldenburg;0164/7666044;manika.wenning@web.de
178;Frau;;Giede;N‚ÄôJie;;Wrangelstraße;102;79100;Freiburg;0163/1927034;giede.njie@validmail.de
179;Frau;;Frohlinde;Linder;01.07.22;Gottesweg;92 b;85241;Hebertshausen;0154/9231960;frohlinde2022@web.de
180;k.A.;;Viktoryia;Runcknagel;;Rather Straße;107;54518;Plein;0169/9650958;viktoryia.runcknagel@quickmail.de
181;k.A.;;Bonheur;Koenigs;;Freiheitstraße;93;24576;Bimöhlen;0171/6653594;b-koenigs@domain.de
182;Frau;;Radegundis;Pfeffereder;;Frühlingsstraße;112b;37139;Adelebsen;0178/9907764;radegundis_pfeffereder@quickmail.de
183;Herr;;Nallathamby;Pardinas;25.06.10;Breitenbruch;199;53225;Bonn;0156/7297735;nallathamby_10@domain.de
184;Frau;;Nastassia;Czarnecki;;Neuer Markt;128 b;82294;Oberschweinbach;0177/6318334;n_czarnecki@private.de
185;Frau;;Fatbardha;Amandi;12.10.92;Lutzstraße;70;35288;Wohratal;0172/9616084;famandi@open-mail.de
186;Frau;;Edeltraude;Guldberg;;Andernacher Straße;9;55758;Wirschweiler;0168/8074281;eguldberg@hoster.de
187;k.A.;;Wamukota;Hilliger;;Im Trümpchen;74 c;34246;Vellmar;0151/6370173;wamukota_hilliger@goggle-mail.de
188;Frau;;Sigune;Wust;;Oberdreiser Straße;117;25779;Hennstedt;0179/4456587;s-wust@company.de
189;Frau;;Ivette;Bielenberg;26.10.82;Adlerweg;166;83361;Kienberg;0166/6288665;ivette-1982@inter-mail.de
190;Herr;;Achillefs;Dasch;;Kehrweg;105;86497;Horgau;0173/7731507;a_dasch@validmail.de
191;Herr;;Manolache;Barth;;Fichtestraße;142;88376;Königseggwald;0167/3170201;m1912@xyz.de
192;Frau;;Bernhilde;Chai;13.09.65;Gilgenborn;5;31079;Adenstedt;0166/6575190;bernhildechai@justmail.de
193;Herr;;Hanswerner;Rasche;;An der Aa;70;25551;Hohenlockstedt;0161/4370427;hanswerner.rasche@mymail.de
194;Frau;;Inka;Oesterle;;Hoetmarer Straße;44;65391;Sauerthal;0173/1177956;inka-oesterle@hoster.de
195;Frau;;Ilselore;Attin;;Trotzendorfstraße;154;21762;Osterbruch;0162/2455147;ilselore_attin@net-mail.de
196;Herr;;Päiviö;Geraets;;Iserlohner Straße;102;67580;Hamm am Rhein;0151/8879389;paeivioegeraets@domain.de
197;Herr;;Dietolf;Bräer;;Huppichterother Straße;2;78098;Triberg;0151/2899433;dietolf-braeer@funmail.de
198;Frau;;Bindiya;Tuqiri;18.04.19;Auf der Held;26;67273;Bobenheim am Berg;0163/4759854;bindiya-tuqiri@funmail.de
199;Frau;;Runhild;Warnke;;Felmicke;132;92367;Pilsach;0166/9002807;runhild-warnke@domain.de
200;Herr;;Herbjörn;Busche;;Backesstraße;57;71034;Böblingen;0160/9368992;h_busche@funmail.de
201;Herr;;Ulwin;Zwiener;;Lohainsweg;106;56370;Attenhausen;0170/1914830;ulwin_81@domain.de
202;Herr;;Hannsjürgen;Poll;;Seegasse;81;67468;Neidenfels;0154/2347514;h.20@goggle-mail.de
203;Frau;;Lucie;Hjalmarsson;;Brandenburgstraße;76;74423;Obersontheim;0170/6041744;l_hjalmarsson@anymail.de
204;Herr;;Winfried;Küthe;06.01.21;Servaisstraße;36;56479;Hüblingen;0174/4071057;w_1921@net-mail.de
205;Herr;;Gernod;Laby;;Mosewaldstraße;116;26736;Krummhörn;0168/5456435;g-laby@spam-mail.de
206;Frau;;Alicia;Nippert;;Krähenberg;71;37083;Göttingen;0157/6503920;a_nippert@company.de
207;k.A.;;Germar;Aguabella;;Killeschlader Weg;96 c;25821;Vollstedt;0171/5667875;germaraguabella@company.de
208;Herr;;Raimar;Ehmann;;Hunsberg;190;24340;Windeby;0150/4046368;r_ehmann@live-mail.de
209;Herr;;Gena;Bergemann;;Freier-Grund-Straße;134;83233;Bernau am Chiemsee;0173/2210665;g1995@trashmail.de
210;Frau;;Glenny;Harz;02.11.55;Auf der Heide;4;46145;Oberhausen;0173/6587346;glenny_55@open-mail.de
211;Frau;;Şahika;Langendorf;12.04.92;In der Au;25;56317;Urbach;0159/6855500;ahika-1992@mymail.de
212;Herr;;Raimer;Kliem;;Wenzel-Verner-Straße;180;24594;Rade;0164/8895478;raimer.kliem@web.de
213;Frau;;Leonie;Spang;;Am Moselhang;154;50933;Köln;0153/2673972;l-07@xyz.de
214;Herr;;Ullrich;Tscherepanow;11.08.12;Funkenhausen;149;27246;Borstel;0154/5575418;ullrich.tscherepanow@live-mail.de
215;Frau;;Sigtrud;Weidenbach;08.08.84;Steinchen;62;45768;Marl;0177/6348240;sweidenbach@justmail.de
216;k.A.;;Nicholas;Wicher;;Kimbernstraße;42;56850;Raversbeuren;0165/5153768;nicholas.wicher@web.de
217;Frau;;Ingeburg;Haug;;Dahlbergweg;154;94347;Ascha;0177/1236670;ingeburg-haug@bestmail.de
218;k.A.;;Velten;Heylmann;;Kronenburgerweg;98;54426;Büdlich;0165/4914682;velten_heylmann@quickmail.de
219;Herr;;Carlo;Greenwald;;Mommkamp;82;57539;Selbach;0173/6406094;carlo.78@quickmail.de
220;Frau;;Renata;Rosanowski;07.10.24;Wendelstraße;17;44289;Dortmund;0164/9508522;r-rosanowski@email.de
221;Frau;;Annabelle;Kalckreuth;03.02.37;Oberaustraße;167;69226;Nußloch;0161/5431572;annabellekalckreuth@goggle-mail.de
222;Frau;;Alena;Grissom;25.08.07;Miesenheimer Straße;11;26639;Wiesmoor;0171/2937416;alenagrissom@open-mail.de
223;k.A.;;Aceliya;Hauenstein;;Am Erschberg;16 c;31177;Harsum;0177/3196503;a-hauenstein@email.de
224;k.A.;;Frankmut;Welsch;;Gerhard-van-Clev-Straße;132;76831;Birkweiler;0177/3518171;frankmut_welsch@domain.de
225;Frau;;Guida;Heverhagen;06.03.81;An Deckers;106;13057;Lichtenberg;0157/7308502;guida-heverhagen@open-mail.de
226;Frau;;Uusi;Weihs;;Fünersfeld;181;67716;Heltersberg;0158/1732171;uusi1994@ultramail.de
227;Herr;;Kristof;Zucker;;Bernhard-Letterhaus-Straße;4;55595;Gutenberg;0155/3046970;kristof-zucker@private.de
228;k.A.;;Heino;Mees;;Steinbergen;83;48167;Münster;0170/8034525;heino.mees@trashmail.de
229;k.A.;;Ariena;Aabel;;Endertstraße;160;94579;Zenting;0178/8374117;ariena-aabel@email.de
230;Herr;;Husik;Heubner;03.10.20;Rummler;102;33790;Halle;0178/9463017;husik.heubner@company.de
231;Herr;;Asif;Troeltsch;;Am Knapp;132;53179;Bonn;0166/4456097;atroeltsch@xyz.de
232;Frau;;Adelgunde;Mencke;06.03.17;Suestrastraße;78;23847;Steinhorst;0179/6696211;adelgunde.mencke@private.de
233;Herr;;Gufinnur;Kopper;;Westring;91;88422;Betzenweiler;0151/1177838;gufinnur-kopper@inter-mail.de
234;Herr;;Ortfried;Follmann;16.04.06;Benediktstraße;76;92665;Altenstadt an der Waldnaab;0162/2825856;ortfried_follmann@open-mail.de
235;Frau;;Nelly;Janos;;Wolkenburgstraße;63;55624;Schwerbach;0153/2705195;nelly.1955@spam-mail.de
236;Herr;;Keno;Brunnhuber;25.01.96;Nordhang;60;61276;Weilrod;0176/3606203;keno_brunnhuber@net-mail.de
237;Frau;;Malin;Glasmacher;;Hülsstraße;76;66871;Oberalben;0173/6430180;malin-2003@net-mail.de
238;Frau;;Leandra;Spielberger;18.06.70;Kluckstraße;17;54634;Niederstedem;0166/2732005;leandra.spielberger@xyz.de
239;Herr;;Amer;Alban;23.09.44;Holzstraße;105;56288;Bell;0152/8187227;aalban@live-mail.de
240;Frau;;Sibilla;Casey;;Hellenpfad;126;23968;Zierow;0157/6446471;sibillacasey@live-mail.de
241;Herr;;Stojancho;Dethlefs;19.03.38;Max-Ernst-Straße;139;82494;Krün;0157/8620979;s-dethlefs@validmail.de
242;Herr;;Gundhart;Hartlieb;;Campingplatz Theresienhöhe;2;64668;Münschbach;0154/7002561;g_hartlieb@anymail.de
243;Frau;;Nathalie;Eifler;19.01.78;Ziegeleiweg;92;3222;Groß-Klessow;0158/1584650;nathalie_eifler@live-mail.de
244;Frau;;Kathrina;Padilla;23.05.74;Gorkistraße;57;67229;Großkarlbach;0174/4671062;kathrina-1974@quickmail.de
245;Herr;;Tavon;Hirschle;;Elsbacher Straße;189;55471;Reich;0174/4749168;t.2001@trashmail.de
246;k.A.;;Ulrikke;Buysch;;Fleckenbühler Weg;113;70839;Gerlingen;0177/3787203;u-buysch@validmail.de
247;Herr;;Carl;Nemeh;18.12.17;Hohe-Lay-Straße;20;61138;Niederdorfelden;0151/9976699;carl-nemeh@spam-mail.de
248;Frau;;Elsgard;Frankee;;Nachtigallengrund;66;26121;Oldenburg;0164/6203882;e.1916@anymail.de
249;Herr;;Olf;Haupt;;Am Alten Posthof;108;55585;Altenbamberg;0151/4148483;olf_haupt@mymail.de
250;Frau;;Ilsedore;Rumpel;;Obermendiger Straße;10;34454;Bühle;0179/3718120;ilsedore.rumpel@bestmail.de